{
    "contacts": [
        {
                "id": "c200",
                "name": "Pratik Butani",
                "email": "pratik13butani@gmail.com",
                "address": "xx-xx-xxxx,x - street, x - country",
                "gender" : "male",
		"profile_pic" : "http://lorempixel.com/100/100/",
                "phone": {
                    "mobile": "+91 0000000000",
                    "home": "00 000000",
                    "office": "00 000000"
                }
        },
        {
                "id": "c201",
                "name": "Johnny Depp",
                "email": "johnny_depp@gmail.com",
                "address": "xx-xx-xxxx,x - street, x - country",
                "gender" : "male",
                "profile_pic" : "http://lorempixel.com/105/105/",
                "phone": {
                    "mobile": "+91 0000000000",
                    "home": "00 000000",
                    "office": "00 000000"
                }
        },
        {
                "id": "c202",
                "name": "Leonardo Dicaprio",
                "email": "leonardo_dicaprio@gmail.com",
                "address": "xx-xx-xxxx,x - street, x - country",
                "gender" : "male",
                "profile_pic" : "http://lorempixel.com/110/110/",
                "phone": {
                    "mobile": "+91 0000000000",
                    "home": "00 000000",
                    "office": "00 000000"
                }
        },
        {
                "id": "c203",
                "name": "John Wayne",
                "email": "john_wayne@gmail.com",
                "address": "xx-xx-xxxx,x - street, x - country",
                "gender" : "male",
                "profile_pic" : "http://lorempixel.com/120/120/",
                "phone": {
                    "mobile": "+91 0000000000",
                    "home": "00 000000",
                    "office": "00 000000"
                }
        },
        {
                "id": "c204",
                "name": "Angelina Jolie",
                "email": "angelina_jolie@gmail.com",
                "address": "xx-xx-xxxx,x - street, x - country",
                "gender" : "female",
                "profile_pic" : "http://lorempixel.com/115/115/",
                "phone": {
                    "mobile": "+91 0000000000",
                    "home": "00 000000",
                    "office": "00 000000"
                }
        },
        {
                "id": "c205",
                "name": "Dido",
                "email": "dido@gmail.com",
                "address": "xx-xx-xxxx,x - street, x - country",
                "gender" : "female",
                "profile_pic" : "http://lorempixel.com/125/125/",
                "phone": {
                    "mobile": "+91 0000000000",
                    "home": "00 000000",
                    "office": "00 000000"
                }
        },
        {
                "id": "c206",
                "name": "Adele",
                "email": "adele@gmail.com",
                "address": "xx-xx-xxxx,x - street, x - country",
                "gender" : "female",
                "profile_pic" : "http://lorempixel.com/122/122/",
                "phone": {
                    "mobile": "+91 0000000000",
                    "home": "00 000000",
                    "office": "00 000000"
                }
        },
        {
                "id": "c207",
                "name": "Hugh Jackman",
                "email": "hugh_jackman@gmail.com",
                "address": "xx-xx-xxxx,x - street, x - country",
                "gender" : "male",
                "profile_pic" : "http://lorempixel.com/130/130/",
                "phone": {
                    "mobile": "+91 0000000000",
                    "home": "00 000000",
                    "office": "00 000000"
                }
        },
        {
                "id": "c208",
                "name": "Will Smith",
                "email": "will_smith@gmail.com",
                "address": "xx-xx-xxxx,x - street, x - country",
                "gender" : "male",
                "profile_pic" : "http://lorempixel.com/125/125/",
                "phone": {
                    "mobile": "+91 0000000000",
                    "home": "00 000000",
                    "office": "00 000000"
                }
        },
        {
                "id": "c209",
                "name": "Clint Eastwood",
                "email": "clint_eastwood@gmail.com",
                "address": "xx-xx-xxxx,x - street, x - country",
                "gender" : "male",
                "profile_pic" : "http://lorempixel.com/135/135/",
                "phone": {
                    "mobile": "+91 0000000000",
                    "home": "00 000000",
                    "office": "00 000000"
                }
        },
        {
                "id": "c2010",
                "name": "Barack Obama",
                "email": "barack_obama@gmail.com",
                "address": "xx-xx-xxxx,x - street, x - country",
                "gender" : "male",
                "profile_pic" : "http://lorempixel.com/140/140/",
                "phone": {
                    "mobile": "+91 0000000000",
                    "home": "00 000000",
                    "office": "00 000000"
                }
        },
        {
                "id": "c2011",
                "name": "Kate Winslet",
                "email": "kate_winslet@gmail.com",
                "address": "xx-xx-xxxx,x - street, x - country",
                "gender" : "female",
                "profile_pic" : "http://lorempixel.com/150/150/",
                "phone": {
                    "mobile": "+91 0000000000",
                    "home": "00 000000",
                    "office": "00 000000"
                }
        },
        {
                "id": "c2012",
                "name": "Eminem",
                "email": "eminem@gmail.com",
                "address": "xx-xx-xxxx,x - street, x - country",
                "gender" : "male",
                "profile_pic" : "http://lorempixel.com/160/160/",
                "phone": {
                    "mobile": "+91 0000000000",
                    "home": "00 000000",
                    "office": "00 000000"
                }
        }
    ]
}