{
  "project_info": {
    "project_number": "741097239496",
    "firebase_url": "https://pr101adr.firebaseio.com",
    "project_id": "pr101adr",
    "storage_bucket": "pr101adr.appspot.com"
  },
  "client": [
    {
      "client_info": {
        "mobilesdk_app_id": "1:741097239496:android:ed6202396127cce82906fd",
        "android_client_info": {
          "package_name": "com.duan1.example1"
        }
      },
      "oauth_client": [
        {
          "client_id": "741097239496-lulaet54s9kfjr6f5t9l7gh2ahn1r6bl.apps.googleusercontent.com",
          "client_type": 3
        }
      ],
      "api_key": [
        {
          "current_key": "AIzaSyAGrTPfDyjsk4hdGawiq09wgbIniqZQ6-A"
        }
      ],
      "services": {
        "appinvite_service": {
          "other_platform_oauth_client": [
            {
              "client_id": "741097239496-lulaet54s9kfjr6f5t9l7gh2ahn1r6bl.apps.googleusercontent.com",
              "client_type": 3
            }
          ]
        }
      }
    }
  ],
  "configuration_version": "1"
}