id,title,year,image
1,The Shawshank Redemption,1994,http://files.swiftsight.tech/fakher/Retrofit/data/The_Shawshank_Redemption.jpg
2,The Dark Knight,2008,http://files.swiftsight.tech/fakher/Retrofit/data/Dark_Night.jpg
3,Inception,2010,http://files.swiftsight.tech/fakher/Retrofit/data/Inception.jpg
4,The Matrix,1999,http://files.swiftsight.tech/fakher/Retrofit/data/The_Matrix.jpg
5,Life Is Beautiful,1997,http://files.swiftsight.tech/fakher/Retrofit/data/Life_Is_Beautiful.jpg
6, The Departed,2006,http://files.swiftsight.tech/fakher/Retrofit/data/Departed.jpg
7,Gladiator,2000,http://files.swiftsight.tech/fakher/Retrofit/data/Gladiator.jpg
8,The Prestige,2006,http://files.swiftsight.tech/fakher/Retrofit/data/Prestige.jpg
9,The Lion King,1994,http://files.swiftsight.tech/fakher/Retrofit/data/Lion_king.jpg
10,Requiem for a Dream,2000,http://files.swiftsight.tech/fakher/Retrofit/data/Requiem_for_a_Dream.jpg